{
    "train": {
        "loss": 0.09733346849679947,
        "accuracy": 0.9523809552192688
    },
    "eval": {
        "loss": 0.06351616978645325,
        "accuracy": 1.0
    },
    "step": 29
}
